application_id,label,direction,sector,region,status,rank,performance_score,requested_amount,allocated_amount,normative,roi_raw,sector_rank_pct,tax_debt,is_unreliable,explanation
94,Субсидирование в верблюдо / Район-12,Субсидирование в верблюдоводстве,Верблюдоводство,Алматинская,FUNDED,11,42.69,872084.5045828245,872084.5045828245,37081.0,3.0,0.0,0.0,False,Позиция в шорт-листе: 11/142. Score: 42.7/100 | Сектор: Верблюдоводство | Перцентиль в секторе: 0%. ROI (3.00x) выше медианы сектора на 250%. Факторы роста: «норматив на единицу» (+2.71); «сумма субсидии» (+1.36). Сдерживающий фактор: «перцентиль в секторе» (-0.04).
194,Субсидирование в овцеводс / Район-29,Субсидирование в овцеводстве,МРС,Актюбинская,WAITLISTED,133,7.1,7078435.455513592,0.0,21051.0,3.0,0.0,0.0,False,Позиция в шорт-листе: 133/142. Score: 7.1/100 | Сектор: МРС | Перцентиль в секторе: 0%. ROI (3.00x) выше медианы сектора на 100%. Факторы роста: «рабочих мест/млн KZT» (+0.97); «сумма субсидии» (+0.26). Сдерживающий фактор: «эффективность vs сектор» (-2.37).
127,Субсидирование в верблюдо / Район-7,Субсидирование в верблюдоводстве,Верблюдоводство,Алматинская,FUNDED,102,14.79,803483.4416247722,803483.4416247722,43110.0,3.0,0.0,0.0,False,Позиция в шорт-листе: 102/142. Score: 14.8/100 | Сектор: Верблюдоводство | Перцентиль в секторе: 0%. ROI (3.00x) выше медианы сектора на 250%. Факторы роста: «сумма субсидии» (+0.19); «масштаб производства» (+0.05). Сдерживающий фактор: «эффективность vs сектор» (-2.16).
111,Субсидирование в птицевод / Район-13,Субсидирование в птицеводстве,Птицеводство,Актюбинская,WAITLISTED,141,4.09,16563.411511980394,0.0,97.0,3.0,0.0,0.0,False,Позиция в шорт-листе: 141/142. Score: 4.1/100 | Сектор: Птицеводство | Перцентиль в секторе: 0%. ROI (3.00x) ниже медианы сектора на 0%. Факторы роста: . Сдерживающий фактор: «эффективность vs сектор» (-2.65).
178,Субсидирование в коневодс / Район-10,Субсидирование в коневодстве,Коневодство,ЗКО,FUNDED,7,44.09,4413726.499253588,4413726.499253588,16900.0,3.0,0.0,0.0,False,Позиция в шорт-листе: 7/142. Score: 44.1/100 | Сектор: Коневодство | Перцентиль в секторе: 0%. ROI (3.00x) выше медианы сектора на 200%. Факторы роста: «масштаб производства» (+2.91); «эффективность vs сектор» (+2.84). Сдерживающий фактор: «рабочих мест/млн KZT» (-0.22).
185,Субсидирование в верблюдо / Район-13,Субсидирование в верблюдоводстве,Верблюдоводство,Актюбинская,FUNDED,42,32.17,1547491.6513497352,1547491.6513497352,21189.0,3.0,0.0,0.0,False,Позиция в шорт-листе: 42/142. Score: 32.2/100 | Сектор: Верблюдоводство | Перцентиль в секторе: 0%. ROI (3.00x) выше медианы сектора на 250%. Факторы роста: «эффективность vs сектор» (+2.18); «норматив на единицу» (+0.09). Сдерживающий фактор: «масштаб производства» (-0.68).
33,Субсидирование в коневодс / Район-6,Субсидирование в коневодстве,Коневодство,Актюбинская,FUNDED,63,26.43,8922815.386529248,8922815.386529248,20642.0,3.0,0.0,0.0,False,Позиция в шорт-листе: 63/142. Score: 26.4/100 | Сектор: Коневодство | Перцентиль в секторе: 0%. ROI (3.00x) выше медианы сектора на 200%. Факторы роста: «эффективность vs сектор» (+0.54); «норматив на единицу» (+0.04). Сдерживающий фактор: «масштаб производства» (-0.24).
14,Субсидирование в птицевод / Район-22,Субсидирование в птицеводстве,Птицеводство,Алматинская,FUNDED,89,18.28,16077.476266102265,16077.476266102265,52.0,3.0,0.0,0.0,False,Позиция в шорт-листе: 89/142. Score: 18.3/100 | Сектор: Птицеводство | Перцентиль в секторе: 0%. ROI (3.00x) ниже медианы сектора на 0%. Факторы роста: . Сдерживающий фактор: «рабочих мест/млн KZT» (-1.75).
23,Субсидирование в верблюдо / Район-20,Субсидирование в верблюдоводстве,Верблюдоводство,ЗКО,FUNDED,66,24.86,1832752.371925999,1832752.371925999,24791.0,3.0,0.0,0.0,False,Позиция в шорт-листе: 66/142. Score: 24.9/100 | Сектор: Верблюдоводство | Перцентиль в секторе: 0%. ROI (3.00x) выше медианы сектора на 250%. Факторы роста: «эффективность vs сектор» (+0.65); «перцентиль в секторе» (+0.50). Сдерживающий фактор: «масштаб производства» (-0.69).
19,Субсидирование в пчеловод / Район-12,Субсидирование в пчеловодстве,Пчеловодство,Костанайская,FUNDED,4,45.01,38924.001046068784,38924.001046068784,166.0,3.0,0.0,0.0,False,Позиция в шорт-листе: 4/142. Score: 45.0/100 | Сектор: Пчеловодство | Перцентиль в секторе: 0%. ROI (3.00x) ниже медианы сектора на 0%. Факторы роста: «эффективность vs сектор» (+3.40); «рабочих мест/млн KZT» (+2.69). Сдерживающий фактор: —.
177,Субсидирование в скотовод / Район-20,Субсидирование в скотоводстве,КРС,Костанайская,FUNDED,10,42.84,31096240.77778652,31096240.77778652,82372.0,3.0,0.0,0.0,False,Позиция в шорт-листе: 10/142. Score: 42.8/100 | Сектор: КРС | Перцентиль в секторе: 0%. ROI (3.00x) выше медианы сектора на 200%. Факторы роста: «масштаб производства» (+3.35); «эффективность vs сектор» (+2.14). Сдерживающий фактор: «Merit Score (ROI/Цикл)» (-0.05).
169,Субсидирование в коневодс / Район-10,Субсидирование в коневодстве,Коневодство,Актюбинская,FUNDED,113,11.84,1287927.6431213785,1287927.6431213785,34148.0,3.0,0.0,0.0,False,Позиция в шорт-листе: 113/142. Score: 11.8/100 | Сектор: Коневодство | Перцентиль в секторе: 0%. ROI (3.00x) выше медианы сектора на 200%. Факторы роста: «сумма субсидии» (+0.24). Сдерживающий фактор: «эффективность vs сектор» (-2.28).
143,Субсидирование в коневодс / Район-1,Субсидирование в коневодстве,,ЗКО,REJECTED,0,0.0,12972507.81107145,0.0,39246.0,0.0,0.0,2306891.0,False,"Отклонено: налоговая задолженность 2,306,891 KZT. Основание: Приказ МСХ РК №280."
24,Субсидирование в овцеводс / Район-10,Субсидирование в овцеводстве,МРС,Алматинская,FUNDED,44,31.56,551722.386314794,551722.386314794,12856.0,3.0,0.0,0.0,False,Позиция в шорт-листе: 44/142. Score: 31.6/100 | Сектор: МРС | Перцентиль в секторе: 0%. ROI (3.00x) выше медианы сектора на 100%. Факторы роста: «рабочих мест/млн KZT» (+1.96); «сумма субсидии» (+1.17). Сдерживающий фактор: «перцентиль в секторе» (-0.04).
96,Субсидирование в птицевод / Район-28,Субсидирование в птицеводстве,,Костанайская,REJECTED,0,0.0,6944.138146083725,0.0,92.0,0.0,0.0,2551724.0,False,"Отклонено: налоговая задолженность 2,551,724 KZT. Основание: Приказ МСХ РК №280."
11,Субсидирование в коневодс / Район-15,Субсидирование в коневодстве,Коневодство,Алматинская,FUNDED,84,19.22,3878450.2920421422,3878450.2920421422,23713.0,3.0,0.0,0.0,False,Позиция в шорт-листе: 84/142. Score: 19.2/100 | Сектор: Коневодство | Перцентиль в секторе: 0%. ROI (3.00x) выше медианы сектора на 200%. Факторы роста: «коэффициент цикла» (+0.03). Сдерживающий фактор: «норматив на единицу» (-0.83).
86,Субсидирование в коневодс / Район-27,Субсидирование в коневодстве,Коневодство,ЗКО,FUNDED,79,20.85,1831361.6680654439,1831361.6680654439,23026.0,3.0,0.0,0.0,False,Позиция в шорт-листе: 79/142. Score: 20.9/100 | Сектор: Коневодство | Перцентиль в секторе: 0%. ROI (3.00x) выше медианы сектора на 200%. Факторы роста: «сумма субсидии» (+0.18). Сдерживающий фактор: «масштаб производства» (-0.86).
37,Субсидирование в коневодс / Район-28,Субсидирование в коневодстве,Коневодство,ЗКО,FUNDED,15,40.67,5204699.90580689,5204699.90580689,20547.0,3.0,0.0,0.0,False,Позиция в шорт-листе: 15/142. Score: 40.7/100 | Сектор: Коневодство | Перцентиль в секторе: 0%. ROI (3.00x) выше медианы сектора на 200%. Факторы роста: «масштаб производства» (+2.18); «эффективность vs сектор» (+1.95). Сдерживающий фактор: «перцентиль в секторе» (-0.04).
167,Субсидирование в верблюдо / Район-16,Субсидирование в верблюдоводстве,Верблюдоводство,Актюбинская,FUNDED,62,26.61,122951.76433598377,122951.76433598377,25451.0,3.0,0.0,0.0,False,Позиция в шорт-листе: 62/142. Score: 26.6/100 | Сектор: Верблюдоводство | Перцентиль в секторе: 0%. ROI (3.00x) выше медианы сектора на 250%. Факторы роста: «эффективность vs сектор» (+0.63); «рабочих мест/млн KZT» (+0.03). Сдерживающий фактор: «норматив на единицу» (-0.48).
154,Субсидирование в верблюдо / Район-21,Субсидирование в верблюдоводстве,Верблюдоводство,Алматинская,FUNDED,130,7.33,1500097.261181263,1500097.261181263,47148.0,3.0,0.0,0.0,False,Позиция в шорт-листе: 130/142. Score: 7.3/100 | Сектор: Верблюдоводство | Перцентиль в секторе: 0%. ROI (3.00x) выше медианы сектора на 250%. Факторы роста: «Merit Score (ROI/Цикл)» (+0.06). Сдерживающий фактор: «эффективность vs сектор» (-2.37).
150,Субсидирование в пчеловод / Район-16,Субсидирование в пчеловодстве,Пчеловодство,ЗКО,FUNDED,78,21.23,66745.72746278417,66745.72746278417,242.0,3.0,0.0,0.0,False,Позиция в шорт-листе: 78/142. Score: 21.2/100 | Сектор: Пчеловодство | Перцентиль в секторе: 0%. ROI (3.00x) ниже медианы сектора на 0%. Факторы роста: «рабочих мест/млн KZT» (+1.93); «норматив на единицу» (+1.05). Сдерживающий фактор: «эффективность vs сектор» (-0.97).
38,Субсидирование в скотовод / Район-24,Субсидирование в скотоводстве,КРС,ЗКО,FUNDED,123,9.2,705929.172986355,705929.172986355,188787.0,3.0,0.0,0.0,False,Позиция в шорт-листе: 123/142. Score: 9.2/100 | Сектор: КРС | Перцентиль в секторе: 0%. ROI (3.00x) выше медианы сектора на 200%. Факторы роста: «масштаб производства» (+0.30); «сумма субсидии» (+0.13). Сдерживающий фактор: «эффективность vs сектор» (-2.79).
77,Субсидирование в птицевод / Район-24,Субсидирование в птицеводстве,Птицеводство,Алматинская,FUNDED,116,11.14,10362.881684774782,10362.881684774782,61.0,3.0,0.0,0.0,False,Позиция в шорт-листе: 116/142. Score: 11.1/100 | Сектор: Птицеводство | Перцентиль в секторе: 0%. ROI (3.00x) ниже медианы сектора на 0%. Факторы роста: . Сдерживающий фактор: «рабочих мест/млн KZT» (-1.96).
93,Субсидирование в скотовод / Район-23,Субсидирование в скотоводстве,КРС,Костанайская,FUNDED,18,40.31,28320406.390453547,28320406.390453547,108716.0,3.0,0.0,0.0,False,Позиция в шорт-листе: 18/142. Score: 40.3/100 | Сектор: КРС | Перцентиль в секторе: 0%. ROI (3.00x) выше медианы сектора на 200%. Факторы роста: «масштаб производства» (+2.05); «норматив на единицу» (+1.69). Сдерживающий фактор: —.
81,Субсидирование в коневодс / Район-21,Субсидирование в коневодстве,Коневодство,Актюбинская,FUNDED,41,32.64,4940244.352793805,4940244.352793805,34103.0,3.0,0.0,0.0,False,Позиция в шорт-листе: 41/142. Score: 32.6/100 | Сектор: Коневодство | Перцентиль в секторе: 0%. ROI (3.00x) выше медианы сектора на 200%. Факторы роста: «сумма субсидии» (+1.75); «масштаб производства» (+1.74). Сдерживающий фактор: «эффективность vs сектор» (-0.15).
182,Субсидирование в овцеводс / Район-13,Субсидирование в овцеводстве,МРС,Актюбинская,FUNDED,34,34.58,1458410.4607546537,1458410.4607546537,3934.0,3.0,0.0,0.0,False,Позиция в шорт-листе: 34/142. Score: 34.6/100 | Сектор: МРС | Перцентиль в секторе: 0%. ROI (3.00x) выше медианы сектора на 100%. Факторы роста: «эффективность vs сектор» (+3.98); «рабочих мест/млн KZT» (+1.43). Сдерживающий фактор: «сумма субсидии» (-0.21).
46,Субсидирование в коневодс / Район-16,Субсидирование в коневодстве,Коневодство,Актюбинская,FUNDED,98,16.21,1864038.843391144,1864038.843391144,33690.0,3.0,0.0,0.0,False,Позиция в шорт-листе: 98/142. Score: 16.2/100 | Сектор: Коневодство | Перцентиль в секторе: 0%. ROI (3.00x) выше медианы сектора на 200%. Факторы роста: . Сдерживающий фактор: «эффективность vs сектор» (-0.84).
117,Субсидирование в свиновод / Район-8,Субсидирование в свиноводстве,Свиноводство,ЗКО,FUNDED,14,40.83,11342495.071847284,11342495.071847284,29839.0,3.0,0.0,0.0,False,Позиция в шорт-листе: 14/142. Score: 40.8/100 | Сектор: Свиноводство | Перцентиль в секторе: 0%. ROI (3.00x) выше медианы сектора на 50%. Факторы роста: «эффективность vs сектор» (+4.34); «масштаб производства» (+3.09). Сдерживающий фактор: «рабочих мест/млн KZT» (-0.66).
149,Субсидирование в овцеводс / Район-11,Субсидирование в овцеводстве,МРС,Костанайская,FUNDED,83,19.84,3902322.6594908764,3902322.6594908764,12346.0,3.0,0.0,0.0,False,Позиция в шорт-листе: 83/142. Score: 19.8/100 | Сектор: МРС | Перцентиль в секторе: 0%. ROI (3.00x) выше медианы сектора на 100%. Факторы роста: «рабочих мест/млн KZT» (+1.27); «эффективность vs сектор» (+0.47). Сдерживающий фактор: «масштаб производства» (-0.73).
56,Субсидирование в овцеводс / Район-5,Субсидирование в овцеводстве,МРС,Алматинская,FUNDED,108,13.27,2327307.903534992,2327307.903534992,19287.0,3.0,0.0,0.0,False,Позиция в шорт-листе: 108/142. Score: 13.3/100 | Сектор: МРС | Перцентиль в секторе: 0%. ROI (3.00x) выше медианы сектора на 100%. Факторы роста: «рабочих мест/млн KZT» (+1.75); «сумма субсидии» (+0.08). Сдерживающий фактор: «эффективность vs сектор» (-1.67).
116,Субсидирование в пчеловод / Район-27,Субсидирование в пчеловодстве,,ЗКО,REJECTED,0,0.0,16884.193168934933,0.0,145.0,0.0,0.0,1916910.0,False,"Отклонено: налоговая задолженность 1,916,910 KZT. Основание: Приказ МСХ РК №280."
36,Субсидирование в верблюдо / Район-12,Субсидирование в верблюдоводстве,Верблюдоводство,ЗКО,FUNDED,16,40.5,6347514.673459251,6347514.673459251,29275.0,3.0,0.0,0.0,False,Позиция в шорт-листе: 16/142. Score: 40.5/100 | Сектор: Верблюдоводство | Перцентиль в секторе: 0%. ROI (3.00x) выше медианы сектора на 250%. Факторы роста: «сумма субсидии» (+2.32); «эффективность vs сектор» (+2.19). Сдерживающий фактор: «норматив на единицу» (-0.30).
27,Субсидирование в коневодс / Район-19,Субсидирование в коневодстве,Коневодство,Алматинская,FUNDED,109,13.24,864024.6466607517,864024.6466607517,27298.0,3.0,0.0,0.0,False,Позиция в шорт-листе: 109/142. Score: 13.2/100 | Сектор: Коневодство | Перцентиль в секторе: 0%. ROI (3.00x) выше медианы сектора на 200%. Факторы роста: «сумма субсидии» (+0.58); «коэффициент цикла» (+0.00). Сдерживающий фактор: «эффективность vs сектор» (-2.01).
70,Субсидирование в скотовод / Район-5,Субсидирование в скотоводстве,КРС,ЗКО,FUNDED,32,35.01,32436470.766625945,32436470.766625945,117807.0,3.0,0.0,0.0,False,Позиция в шорт-листе: 32/142. Score: 35.0/100 | Сектор: КРС | Перцентиль в секторе: 0%. ROI (3.00x) выше медианы сектора на 200%. Факторы роста: «масштаб производства» (+1.51); «норматив на единицу» (+1.46). Сдерживающий фактор: «перцентиль в секторе» (-0.07).
103,Субсидирование в овцеводс / Район-19,Субсидирование в овцеводстве,МРС,ЗКО,FUNDED,31,36.09,3606165.1696987,3606165.1696987,14151.0,3.0,0.0,0.0,False,Позиция в шорт-листе: 31/142. Score: 36.1/100 | Сектор: МРС | Перцентиль в секторе: 0%. ROI (3.00x) выше медианы сектора на 100%. Факторы роста: «масштаб производства» (+2.26); «рабочих мест/млн KZT» (+2.05). Сдерживающий фактор: «перцентиль в секторе» (-0.07).
13,Субсидирование в скотовод / Район-27,Субсидирование в скотоводстве,КРС,Костанайская,FUNDED,106,13.93,22036871.942357216,22036871.942357216,112398.0,3.0,0.0,0.0,False,Позиция в шорт-листе: 106/142. Score: 13.9/100 | Сектор: КРС | Перцентиль в секторе: 0%. ROI (3.00x) выше медианы сектора на 200%. Факторы роста: «норматив на единицу» (+0.72); «коэффициент цикла» (+0.02). Сдерживающий фактор: «сумма субсидии» (-1.97).
168,Субсидирование в овцеводс / Район-26,Субсидирование в овцеводстве,МРС,Костанайская,FUNDED,19,40.12,2566001.9137140154,2566001.9137140154,17234.0,3.0,0.0,0.0,False,Позиция в шорт-листе: 19/142. Score: 40.1/100 | Сектор: МРС | Перцентиль в секторе: 0%. ROI (3.00x) выше медианы сектора на 100%. Факторы роста: «рабочих мест/млн KZT» (+1.90); «масштаб производства» (+1.67). Сдерживающий фактор: —.
151,Субсидирование в скотовод / Район-22,Субсидирование в скотоводстве,КРС,ЗКО,FUNDED,60,26.74,3281268.7677818825,3281268.7677818825,20342.0,3.0,0.0,0.0,False,Позиция в шорт-листе: 60/142. Score: 26.7/100 | Сектор: КРС | Перцентиль в секторе: 0%. ROI (3.00x) выше медианы сектора на 200%. Факторы роста: «эффективность vs сектор» (+3.43); «сумма субсидии» (+0.12). Сдерживающий фактор: «масштаб производства» (-0.77).
75,Субсидирование в овцеводс / Район-16,Субсидирование в овцеводстве,МРС,Актюбинская,FUNDED,101,15.11,4445290.095462384,4445290.095462384,17885.0,3.0,0.0,0.0,False,Позиция в шорт-листе: 101/142. Score: 15.1/100 | Сектор: МРС | Перцентиль в секторе: 0%. ROI (3.00x) выше медианы сектора на 100%. Факторы роста: «рабочих мест/млн KZT» (+1.74); «сумма субсидии» (+0.70). Сдерживающий фактор: «эффективность vs сектор» (-1.82).
34,Субсидирование в пчеловод / Район-15,Субсидирование в пчеловодстве,Пчеловодство,Алматинская,FUNDED,2,47.71,31825.14198034288,31825.14198034288,139.0,3.0,0.0,0.0,False,Позиция в шорт-листе: 2/142. Score: 47.7/100 | Сектор: Пчеловодство | Перцентиль в секторе: 0%. ROI (3.00x) ниже медианы сектора на 0%. Факторы роста: «эффективность vs сектор» (+4.23); «рабочих мест/млн KZT» (+2.55). Сдерживающий фактор: «перцентиль в секторе» (-0.00).
195,Субсидирование в верблюдо / Район-10,Субсидирование в верблюдоводстве,Верблюдоводство,Алматинская,FUNDED,94,16.73,9967908.499858309,9967908.499858309,31259.0,3.0,0.0,0.0,False,Позиция в шорт-листе: 94/142. Score: 16.7/100 | Сектор: Верблюдоводство | Перцентиль в секторе: 0%. ROI (3.00x) выше медианы сектора на 250%. Факторы роста: . Сдерживающий фактор: «норматив на единицу» (-1.11).
166,Субсидирование в свиновод / Район-24,Субсидирование в свиноводстве,Свиноводство,Алматинская,WAITLISTED,140,4.21,8006351.149129472,0.0,59638.0,3.0,0.0,0.0,False,Позиция в шорт-листе: 140/142. Score: 4.2/100 | Сектор: Свиноводство | Перцентиль в секторе: 0%. ROI (3.00x) выше медианы сектора на 50%. Факторы роста: «сумма субсидии» (+0.31). Сдерживающий фактор: «эффективность vs сектор» (-2.55).
5,Субсидирование в птицевод / Район-7,Субсидирование в птицеводстве,Птицеводство,Алматинская,FUNDED,9,43.14,12830.723374503641,12830.723374503641,34.0,3.0,0.0,0.0,False,Позиция в шорт-листе: 9/142. Score: 43.1/100 | Сектор: Птицеводство | Перцентиль в секторе: 0%. ROI (3.00x) ниже медианы сектора на 0%. Факторы роста: «масштаб производства» (+4.18); «эффективность vs сектор» (+3.90). Сдерживающий фактор: «рабочих мест/млн KZT» (-0.96).
39,Субсидирование в скотовод / Район-9,Субсидирование в скотоводстве,КРС,Актюбинская,FUNDED,92,17.15,20433192.45590852,20433192.45590852,109770.0,3.0,0.0,0.0,False,Позиция в шорт-листе: 92/142. Score: 17.1/100 | Сектор: КРС | Перцентиль в секторе: 0%. ROI (3.00x) выше медианы сектора на 200%. Факторы роста: «норматив на единицу» (+1.51); «коэффициент цикла» (+0.02). Сдерживающий фактор: «сумма субсидии» (-2.14).
62,Субсидирование в скотовод / Район-9,Субсидирование в скотоводстве,КРС,ЗКО,FUNDED,65,25.43,1587065.7882043673,1587065.7882043673,13276.0,3.0,0.0,0.0,False,Позиция в шорт-листе: 65/142. Score: 25.4/100 | Сектор: КРС | Перцентиль в секторе: 0%. ROI (3.00x) выше медианы сектора на 200%. Факторы роста: «эффективность vs сектор» (+3.73). Сдерживающий фактор: «рабочих мест/млн KZT» (-0.64).
186,Субсидирование в пчеловод / Район-26,Субсидирование в пчеловодстве,Пчеловодство,ЗКО,FUNDED,35,34.2,8598.038779004135,8598.038779004135,326.0,3.0,0.0,0.0,False,Позиция в шорт-листе: 35/142. Score: 34.2/100 | Сектор: Пчеловодство | Перцентиль в секторе: 0%. ROI (3.00x) ниже медианы сектора на 0%. Факторы роста: «норматив на единицу» (+3.00); «рабочих мест/млн KZT» (+2.49). Сдерживающий фактор: «перцентиль в секторе» (-0.05).
146,Субсидирование в пчеловод / Район-6,Субсидирование в пчеловодстве,Пчеловодство,ЗКО,FUNDED,104,14.25,48762.01133251597,48762.01133251597,362.0,3.0,0.0,0.0,False,Позиция в шорт-листе: 104/142. Score: 14.2/100 | Сектор: Пчеловодство | Перцентиль в секторе: 0%. ROI (3.00x) выше медианы сектора на 0%. Факторы роста: «рабочих мест/млн KZT» (+2.12); «норматив на единицу» (+1.50). Сдерживающий фактор: «эффективность vs сектор» (-3.23).
20,Субсидирование в верблюдо / Район-22,Субсидирование в верблюдоводстве,Верблюдоводство,Костанайская,WAITLISTED,138,5.51,11428058.98449905,0.0,49610.0,3.0,0.0,0.0,False,Позиция в шорт-листе: 138/142. Score: 5.5/100 | Сектор: Верблюдоводство | Перцентиль в секторе: 0%. ROI (3.00x) выше медианы сектора на 250%. Факторы роста: «масштаб производства» (+0.05). Сдерживающий фактор: «эффективность vs сектор» (-2.13).
12,Субсидирование в птицевод / Район-29,Субсидирование в птицеводстве,Птицеводство,Алматинская,FUNDED,105,13.99,27414.176526220046,27414.176526220046,69.0,3.0,0.0,0.0,False,Позиция в шорт-листе: 105/142. Score: 14.0/100 | Сектор: Птицеводство | Перцентиль в секторе: 0%. ROI (3.00x) ниже медианы сектора на 0%. Факторы роста: «сумма субсидии» (+0.76). Сдерживающий фактор: «масштаб производства» (-1.99).
162,Субсидирование в птицевод / Район-24,Субсидирование в птицеводстве,Птицеводство,Костанайская,FUNDED,95,16.67,10921.812940925523,10921.812940925523,63.0,3.0,0.0,0.0,False,Позиция в шорт-листе: 95/142. Score: 16.7/100 | Сектор: Птицеводство | Перцентиль в секторе: 0%. ROI (3.00x) ниже медианы сектора на 0%. Факторы роста: . Сдерживающий фактор: «рабочих мест/млн KZT» (-1.95).
126,Субсидирование в скотовод / Район-18,Субсидирование в скотоводстве,КРС,Костанайская,FUNDED,5,44.82,10973500.730132112,10973500.730132112,38178.0,3.0,0.0,0.0,False,Позиция в шорт-листе: 5/142. Score: 44.8/100 | Сектор: КРС | Перцентиль в секторе: 0%. ROI (3.00x) выше медианы сектора на 200%. Факторы роста: «эффективность vs сектор» (+4.63); «норматив на единицу» (+2.57). Сдерживающий фактор: «рабочих мест/млн KZT» (-0.31).
104,Субсидирование в птицевод / Район-9,Субсидирование в птицеводстве,Птицеводство,Костанайская,FUNDED,76,21.79,1921.301798441725,1921.301798441725,49.0,3.0,0.0,0.0,False,Позиция в шорт-листе: 76/142. Score: 21.8/100 | Сектор: Птицеводство | Перцентиль в секторе: 0%. ROI (3.00x) ниже медианы сектора на 0%. Факторы роста: . Сдерживающий фактор: «рабочих мест/млн KZT» (-1.55).
173,Субсидирование в пчеловод / Район-19,Субсидирование в пчеловодстве,Пчеловодство,Актюбинская,FUNDED,20,39.26,39319.57282179101,39319.57282179101,258.0,3.0,0.0,0.0,False,Позиция в шорт-листе: 20/142. Score: 39.3/100 | Сектор: Пчеловодство | Перцентиль в секторе: 0%. ROI (3.00x) ниже медианы сектора на 0%. Факторы роста: «рабочих мест/млн KZT» (+2.69); «сумма субсидии» (+2.44). Сдерживающий фактор: «перцентиль в секторе» (-0.08).
88,Субсидирование в скотовод / Район-25,Субсидирование в скотоводстве,КРС,Актюбинская,FUNDED,118,10.63,27450458.52246371,27450458.52246371,143061.0,3.0,0.0,0.0,False,Позиция в шорт-листе: 118/142. Score: 10.6/100 | Сектор: КРС | Перцентиль в секторе: 0%. ROI (3.00x) выше медианы сектора на 200%. Факторы роста: «норматив на единицу» (+0.38); «коэффициент цикла» (+0.02). Сдерживающий фактор: «эффективность vs сектор» (-2.12).
148,Субсидирование в птицевод / Район-10,Субсидирование в птицеводстве,Птицеводство,Алматинская,FUNDED,50,29.68,18725.991857082525,18725.991857082525,78.0,3.0,0.0,0.0,False,Позиция в шорт-листе: 50/142. Score: 29.7/100 | Сектор: Птицеводство | Перцентиль в секторе: 0%. ROI (3.00x) ниже медианы сектора на 0%. Факторы роста: «норматив на единицу» (+1.34); «эффективность vs сектор» (+1.04). Сдерживающий фактор: «рабочих мест/млн KZT» (-1.83).
145,Субсидирование в овцеводс / Район-8,Субсидирование в овцеводстве,МРС,Актюбинская,FUNDED,6,44.23,1360410.4017077712,1360410.4017077712,3433.0,3.0,0.0,0.0,False,Позиция в шорт-листе: 6/142. Score: 44.2/100 | Сектор: МРС | Перцентиль в секторе: 0%. ROI (3.00x) выше медианы сектора на 100%. Факторы роста: «эффективность vs сектор» (+5.76); «норматив на единицу» (+2.14). Сдерживающий фактор: «перцентиль в секторе» (-0.01).
29,Субсидирование в коневодс / Район-24,Субсидирование в коневодстве,Коневодство,Актюбинская,FUNDED,91,17.64,4622229.846179742,4622229.846179742,31946.0,3.0,0.0,0.0,False,Позиция в шорт-листе: 91/142. Score: 17.6/100 | Сектор: Коневодство | Перцентиль в секторе: 0%. ROI (3.00x) выше медианы сектора на 200%. Факторы роста: «сумма субсидии» (+0.89); «масштаб производства» (+0.30). Сдерживающий фактор: «эффективность vs сектор» (-1.98).
1,Субсидирование в коневодс / Район-25,Субсидирование в коневодстве,Коневодство,Алматинская,WAITLISTED,137,5.63,19074154.84997525,0.0,39833.0,3.0,0.0,0.0,False,Позиция в шорт-листе: 137/142. Score: 5.6/100 | Сектор: Коневодство | Перцентиль в секторе: 0%. ROI (3.00x) выше медианы сектора на 200%. Факторы роста: «коэффициент цикла» (+0.02). Сдерживающий фактор: «сумма субсидии» (-1.86).
106,Субсидирование в скотовод / Район-20,Субсидирование в скотоводстве,КРС,ЗКО,WAITLISTED,136,6.3,36542529.77628946,0.0,161559.0,3.0,0.0,0.0,False,Позиция в шорт-листе: 136/142. Score: 6.3/100 | Сектор: КРС | Перцентиль в секторе: 0%. ROI (3.00x) выше медианы сектора на 200%. Факторы роста: «сумма субсидии» (+0.22); «коэффициент цикла» (+0.01). Сдерживающий фактор: «норматив на единицу» (-2.72).
124,Субсидирование в скотовод / Район-23,Субсидирование в скотоводстве,КРС,Костанайская,FUNDED,47,31.01,6349647.414150244,6349647.414150244,41346.0,3.0,0.0,0.0,False,Позиция в шорт-листе: 47/142. Score: 31.0/100 | Сектор: КРС | Перцентиль в секторе: 0%. ROI (3.00x) выше медианы сектора на 200%. Факторы роста: «эффективность vs сектор» (+2.00); «сумма субсидии» (+1.22). Сдерживающий фактор: «норматив на единицу» (-0.46).
35,Субсидирование в свиновод / Район-18,Субсидирование в свиноводстве,Свиноводство,Костанайская,FUNDED,26,36.71,2932966.507479442,2932966.507479442,32903.0,3.0,0.0,0.0,False,Позиция в шорт-листе: 26/142. Score: 36.7/100 | Сектор: Свиноводство | Перцентиль в секторе: 0%. ROI (3.00x) выше медианы сектора на 50%. Факторы роста: «эффективность vs сектор» (+3.34); «сумма субсидии» (+2.02). Сдерживающий фактор: «рабочих мест/млн KZT» (-0.97).
51,Субсидирование в пчеловод / Район-1,Субсидирование в пчеловодстве,Пчеловодство,Алматинская,FUNDED,85,19.11,8596.869173278421,8596.869173278421,269.0,3.0,0.0,0.0,False,Позиция в шорт-листе: 85/142. Score: 19.1/100 | Сектор: Пчеловодство | Перцентиль в секторе: 0%. ROI (3.00x) ниже медианы сектора на 0%. Факторы роста: «рабочих мест/млн KZT» (+2.31); «норматив на единицу» (+1.81). Сдерживающий фактор: «масштаб производства» (-0.89).
61,Субсидирование в овцеводс / Район-28,Субсидирование в овцеводстве,МРС,ЗКО,FUNDED,59,27.33,2236630.5845809244,2236630.5845809244,6678.0,3.0,0.0,0.0,False,Позиция в шорт-листе: 59/142. Score: 27.3/100 | Сектор: МРС | Перцентиль в секторе: 0%. ROI (3.00x) выше медианы сектора на 100%. Факторы роста: «эффективность vs сектор» (+2.86); «рабочих мест/млн KZT» (+1.44). Сдерживающий фактор: «масштаб производства» (-0.90).
85,Субсидирование в птицевод / Район-7,Субсидирование в птицеводстве,,Алматинская,REJECTED,0,0.0,5632.734386062448,0.0,71.0,0.0,0.0,0.0,True,Отклонено: реестр недобросовестных поставщиков. Основание: Приказ МСХ РК №280.
125,Субсидирование в птицевод / Район-9,Субсидирование в птицеводстве,,Алматинская,REJECTED,0,0.0,41456.88717483947,0.0,91.0,0.0,0.0,994493.0,False,"Отклонено: налоговая задолженность 994,493 KZT. Основание: Приказ МСХ РК №280."
30,Субсидирование в овцеводс / Район-8,Субсидирование в овцеводстве,МРС,Актюбинская,FUNDED,90,18.25,4900458.790251921,4900458.790251921,15427.0,3.0,0.0,0.0,False,Позиция в шорт-листе: 90/142. Score: 18.2/100 | Сектор: МРС | Перцентиль в секторе: 0%. ROI (3.00x) выше медианы сектора на 100%. Факторы роста: «рабочих мест/млн KZT» (+1.27); «сумма субсидии» (+0.32). Сдерживающий фактор: «эффективность vs сектор» (-0.65).
28,Субсидирование в пчеловод / Район-14,Субсидирование в пчеловодстве,Пчеловодство,ЗКО,FUNDED,29,36.36,97276.71689201475,97276.71689201475,341.0,3.0,0.0,0.0,False,Позиция в шорт-листе: 29/142. Score: 36.4/100 | Сектор: Пчеловодство | Перцентиль в секторе: 0%. ROI (3.00x) ниже медианы сектора на 0%. Факторы роста: «норматив на единицу» (+3.01); «рабочих мест/млн KZT» (+2.74). Сдерживающий фактор: «эффективность vs сектор» (-0.34).
129,Субсидирование в овцеводс / Район-15,Субсидирование в овцеводстве,МРС,ЗКО,FUNDED,114,11.82,410041.1901768057,410041.1901768057,16596.0,3.0,0.0,0.0,False,Позиция в шорт-листе: 114/142. Score: 11.8/100 | Сектор: МРС | Перцентиль в секторе: 0%. ROI (3.00x) выше медианы сектора на 100%. Факторы роста: «рабочих мест/млн KZT» (+1.40); «сумма субсидии» (+0.32). Сдерживающий фактор: «эффективность vs сектор» (-1.80).
50,Субсидирование в птицевод / Район-1,Субсидирование в птицеводстве,Птицеводство,ЗКО,WAITLISTED,139,5.42,18105.31502408307,0.0,89.0,3.0,0.0,0.0,False,Позиция в шорт-листе: 139/142. Score: 5.4/100 | Сектор: Птицеводство | Перцентиль в секторе: 0%. ROI (3.00x) ниже медианы сектора на 0%. Факторы роста: . Сдерживающий фактор: «рабочих мест/млн KZT» (-2.16).
189,Субсидирование в скотовод / Район-27,Субсидирование в скотоводстве,КРС,ЗКО,FUNDED,40,32.69,13203280.620973794,13203280.620973794,49758.0,3.0,0.0,0.0,False,Позиция в шорт-листе: 40/142. Score: 32.7/100 | Сектор: КРС | Перцентиль в секторе: 0%. ROI (3.00x) выше медианы сектора на 200%. Факторы роста: «эффективность vs сектор» (+3.68); «масштаб производства» (+1.69). Сдерживающий фактор: «сумма субсидии» (-1.21).
190,Субсидирование в коневодс / Район-3,Субсидирование в коневодстве,Коневодство,ЗКО,FUNDED,25,37.81,1181808.2577060286,1181808.2577060286,38249.0,3.0,0.0,0.0,False,Позиция в шорт-листе: 25/142. Score: 37.8/100 | Сектор: Коневодство | Перцентиль в секторе: 0%. ROI (3.00x) выше медианы сектора на 200%. Факторы роста: «норматив на единицу» (+2.76); «сумма субсидии» (+1.04). Сдерживающий фактор: «перцентиль в секторе» (-0.03).
64,Субсидирование в птицевод / Район-4,Субсидирование в птицеводстве,Птицеводство,Алматинская,FUNDED,22,38.18,23159.024073062275,23159.024073062275,62.0,3.0,0.0,0.0,False,Позиция в шорт-листе: 22/142. Score: 38.2/100 | Сектор: Птицеводство | Перцентиль в секторе: 0%. ROI (3.00x) ниже медианы сектора на 0%. Факторы роста: «масштаб производства» (+4.66); «сумма субсидии» (+0.51). Сдерживающий фактор: «рабочих мест/млн KZT» (-1.22).
133,Субсидирование в свиновод / Район-6,Субсидирование в свиноводстве,Свиноводство,Актюбинская,FUNDED,45,31.52,1699485.561975946,1699485.561975946,78666.0,3.0,0.0,0.0,False,Позиция в шорт-листе: 45/142. Score: 31.5/100 | Сектор: Свиноводство | Перцентиль в секторе: 0%. ROI (3.00x) выше медианы сектора на 50%. Факторы роста: «норматив на единицу» (+1.35); «масштаб производства» (+0.94). Сдерживающий фактор: «рабочих мест/млн KZT» (-0.90).
156,Субсидирование в скотовод / Район-9,Субсидирование в скотоводстве,КРС,Алматинская,FUNDED,99,15.58,15615631.51043597,15615631.51043597,113839.0,3.0,0.0,0.0,False,Позиция в шорт-листе: 99/142. Score: 15.6/100 | Сектор: КРС | Перцентиль в секторе: 0%. ROI (3.00x) выше медианы сектора на 200%. Факторы роста: «перцентиль в секторе» (+0.84); «норматив на единицу» (+0.51). Сдерживающий фактор: «сумма субсидии» (-2.05).
100,Субсидирование в овцеводс / Район-19,Субсидирование в овцеводстве,МРС,ЗКО,FUNDED,23,38.07,6531747.754053578,6531747.754053578,16829.0,3.0,0.0,0.0,False,Позиция в шорт-листе: 23/142. Score: 38.1/100 | Сектор: МРС | Перцентиль в секторе: 0%. ROI (3.00x) выше медианы сектора на 100%. Факторы роста: «рабочих мест/млн KZT» (+1.91); «масштаб производства» (+1.56). Сдерживающий фактор: «перцентиль в секторе» (-0.09).
41,Субсидирование в птицевод / Район-2,Субсидирование в птицеводстве,Птицеводство,Актюбинская,FUNDED,100,15.33,9359.783106568877,9359.783106568877,52.0,3.0,0.0,0.0,False,Позиция в шорт-листе: 100/142. Score: 15.3/100 | Сектор: Птицеводство | Перцентиль в секторе: 0%. ROI (3.00x) ниже медианы сектора на 0%. Факторы роста: . Сдерживающий фактор: «рабочих мест/млн KZT» (-1.94).
199,Субсидирование в овцеводс / Район-1,Субсидирование в овцеводстве,МРС,Актюбинская,FUNDED,69,24.38,330924.05839995213,330924.05839995213,12830.0,3.0,0.0,0.0,False,Позиция в шорт-листе: 69/142. Score: 24.4/100 | Сектор: МРС | Перцентиль в секторе: 0%. ROI (3.00x) выше медианы сектора на 100%. Факторы роста: «рабочих мест/млн KZT» (+1.41); «сумма субсидии» (+0.31). Сдерживающий фактор: «масштаб производства» (-0.96).
137,Субсидирование в скотовод / Район-18,Субсидирование в скотоводстве,КРС,Костанайская,FUNDED,80,20.57,12233077.057075672,12233077.057075672,75838.0,3.0,0.0,0.0,False,Позиция в шорт-листе: 80/142. Score: 20.6/100 | Сектор: КРС | Перцентиль в секторе: 0%. ROI (3.00x) выше медианы сектора на 200%. Факторы роста: «эффективность vs сектор» (+1.24); «коэффициент цикла» (+0.02). Сдерживающий фактор: «сумма субсидии» (-1.05).
83,Субсидирование в скотовод / Район-9,Субсидирование в скотоводстве,КРС,Алматинская,WAITLISTED,142,4.01,15033246.334461955,0.0,177583.0,3.0,0.0,0.0,False,Позиция в шорт-листе: 142/142. Score: 4.0/100 | Сектор: КРС | Перцентиль в секторе: 0%. ROI (3.00x) выше медианы сектора на 200%. Факторы роста: . Сдерживающий фактор: «норматив на единицу» (-2.21).
110,Субсидирование в птицевод / Район-11,Субсидирование в птицеводстве,Птицеводство,Алматинская,FUNDED,82,20.16,3811.284753639707,3811.284753639707,52.0,3.0,0.0,0.0,False,Позиция в шорт-листе: 82/142. Score: 20.2/100 | Сектор: Птицеводство | Перцентиль в секторе: 0%. ROI (3.00x) ниже медианы сектора на 0%. Факторы роста: «Merit Score (ROI/Цикл)» (+0.03). Сдерживающий фактор: «рабочих мест/млн KZT» (-1.55).
114,Субсидирование в свиновод / Район-16,Субсидирование в свиноводстве,Свиноводство,ЗКО,FUNDED,86,19.06,19295777.84714523,19295777.84714523,42936.0,3.0,0.0,0.0,False,Позиция в шорт-листе: 86/142. Score: 19.1/100 | Сектор: Свиноводство | Перцентиль в секторе: 0%. ROI (3.00x) выше медианы сектора на 50%. Факторы роста: «масштаб производства» (+0.28). Сдерживающий фактор: «сумма субсидии» (-1.51).
73,Субсидирование в овцеводс / Район-17,Субсидирование в овцеводстве,МРС,Костанайская,FUNDED,38,33.13,4875781.180371827,4875781.180371827,15959.0,3.0,0.0,0.0,False,Позиция в шорт-листе: 38/142. Score: 33.1/100 | Сектор: МРС | Перцентиль в секторе: 0%. ROI (3.00x) выше медианы сектора на 100%. Факторы роста: «рабочих мест/млн KZT» (+2.14); «сумма субсидии» (+1.34). Сдерживающий фактор: «перцентиль в секторе» (-0.10).
6,Субсидирование в скотовод / Район-26,Субсидирование в скотоводстве,КРС,Актюбинская,FUNDED,70,23.94,3004553.571076183,3004553.571076183,45449.0,3.0,0.0,0.0,False,Позиция в шорт-листе: 70/142. Score: 23.9/100 | Сектор: КРС | Перцентиль в секторе: 0%. ROI (3.00x) выше медианы сектора на 200%. Факторы роста: «эффективность vs сектор» (+2.81); «сумма субсидии» (+0.53). Сдерживающий фактор: «норматив на единицу» (-0.62).
128,Субсидирование в птицевод / Район-10,Субсидирование в птицеводстве,Птицеводство,Костанайская,FUNDED,128,8.1,18681.076317032577,18681.076317032577,70.0,3.0,0.0,0.0,False,Позиция в шорт-листе: 128/142. Score: 8.1/100 | Сектор: Птицеводство | Перцентиль в секторе: 0%. ROI (3.00x) ниже медианы сектора на 0%. Факторы роста: «масштаб производства» (+0.13). Сдерживающий фактор: «рабочих мест/млн KZT» (-2.00).
136,Субсидирование в верблюдо / Район-29,Субсидирование в верблюдоводстве,Верблюдоводство,ЗКО,FUNDED,74,22.31,10867200.869375557,10867200.869375557,35613.0,3.0,0.0,0.0,False,Позиция в шорт-листе: 74/142. Score: 22.3/100 | Сектор: Верблюдоводство | Перцентиль в секторе: 0%. ROI (3.00x) выше медианы сектора на 250%. Факторы роста: «масштаб производства» (+0.48); «коэффициент цикла» (+0.02). Сдерживающий фактор: «эффективность vs сектор» (-1.08).
67,Субсидирование в свиновод / Район-1,Субсидирование в свиноводстве,Свиноводство,Костанайская,FUNDED,75,21.98,4689151.200876737,4689151.200876737,50752.0,3.0,0.0,0.0,False,Позиция в шорт-листе: 75/142. Score: 22.0/100 | Сектор: Свиноводство | Перцентиль в секторе: 0%. ROI (3.00x) выше медианы сектора на 50%. Факторы роста: «сумма субсидии» (+0.87). Сдерживающий фактор: «рабочих мест/млн KZT» (-1.55).
45,Субсидирование в пчеловод / Район-6,Субсидирование в пчеловодстве,Пчеловодство,Алматинская,FUNDED,71,23.43,76065.87654253303,76065.87654253303,185.0,3.0,0.0,0.0,False,Позиция в шорт-листе: 71/142. Score: 23.4/100 | Сектор: Пчеловодство | Перцентиль в секторе: 0%. ROI (3.00x) ниже медианы сектора на 0%. Факторы роста: «рабочих мест/млн KZT» (+2.01); «норматив на единицу» (+1.15). Сдерживающий фактор: «масштаб производства» (-1.99).
109,Субсидирование в пчеловод / Район-26,Субсидирование в пчеловодстве,Пчеловодство,Костанайская,FUNDED,43,31.63,74518.19561801454,74518.19561801454,395.0,3.0,0.0,0.0,False,Позиция в шорт-листе: 43/142. Score: 31.6/100 | Сектор: Пчеловодство | Перцентиль в секторе: 0%. ROI (3.00x) ниже медианы сектора на 0%. Факторы роста: «рабочих мест/млн KZT» (+2.39); «норматив на единицу» (+2.00). Сдерживающий фактор: «перцентиль в секторе» (-0.06).
105,Субсидирование в коневодс / Район-26,Субсидирование в коневодстве,Коневодство,Алматинская,FUNDED,119,10.44,9507032.78820623,9507032.78820623,23279.0,3.0,0.0,0.0,False,Позиция в шорт-листе: 119/142. Score: 10.4/100 | Сектор: Коневодство | Перцентиль в секторе: 0%. ROI (3.00x) выше медианы сектора на 200%. Факторы роста: . Сдерживающий фактор: «масштаб производства» (-2.10).
44,Субсидирование в коневодс / Район-12,Субсидирование в коневодстве,Коневодство,ЗКО,FUNDED,68,24.53,2058445.9465002082,2058445.9465002082,18246.0,3.0,0.0,0.0,False,Позиция в шорт-листе: 68/142. Score: 24.5/100 | Сектор: Коневодство | Перцентиль в секторе: 0%. ROI (3.00x) выше медианы сектора на 200%. Факторы роста: «эффективность vs сектор» (+0.63); «норматив на единицу» (+0.12). Сдерживающий фактор: «масштаб производства» (-0.81).
157,Субсидирование в овцеводс / Район-20,Субсидирование в овцеводстве,МРС,ЗКО,FUNDED,1,47.79,1151186.5993722377,1151186.5993722377,3770.0,3.0,0.0,0.0,False,Позиция в шорт-листе: 1/142. Score: 47.8/100 | Сектор: МРС | Перцентиль в секторе: 0%. ROI (3.00x) выше медианы сектора на 100%. Факторы роста: «эффективность vs сектор» (+5.79); «рабочих мест/млн KZT» (+2.08). Сдерживающий фактор: «перцентиль в секторе» (-0.00).
9,Субсидирование в коневодс / Район-23,Субсидирование в коневодстве,Коневодство,Актюбинская,FUNDED,12,42.05,8281551.406937057,8281551.406937057,18337.0,3.0,0.0,0.0,False,Позиция в шорт-листе: 12/142. Score: 42.0/100 | Сектор: Коневодство | Перцентиль в секторе: 0%. ROI (3.00x) выше медианы сектора на 200%. Факторы роста: «эффективность vs сектор» (+1.80); «сумма субсидии» (+1.74). Сдерживающий фактор: «Merit Score (ROI/Цикл)» (-0.02).
57,Субсидирование в свиновод / Район-27,Субсидирование в свиноводстве,Свиноводство,Актюбинская,FUNDED,8,43.86,2721142.2853200296,2721142.2853200296,22687.0,3.0,0.0,0.0,False,Позиция в шорт-листе: 8/142. Score: 43.9/100 | Сектор: Свиноводство | Перцентиль в секторе: 0%. ROI (3.00x) выше медианы сектора на 50%. Факторы роста: «эффективность vs сектор» (+4.63); «сумма субсидии» (+2.14). Сдерживающий фактор: «рабочих мест/млн KZT» (-0.77).
97,Субсидирование в верблюдо / Район-3,Субсидирование в верблюдоводстве,Верблюдоводство,ЗКО,FUNDED,48,30.16,2350021.35914402,2350021.35914402,23558.0,3.0,0.0,0.0,False,Позиция в шорт-листе: 48/142. Score: 30.2/100 | Сектор: Верблюдоводство | Перцентиль в секторе: 0%. ROI (3.00x) выше медианы сектора на 250%. Факторы роста: «эффективность vs сектор» (+1.90); «сумма субсидии» (+0.23). Сдерживающий фактор: «масштаб производства» (-0.65).
191,Субсидирование в коневодс / Район-29,Субсидирование в коневодстве,,Актюбинская,REJECTED,0,0.0,14306763.072222972,0.0,37627.0,0.0,0.0,4641148.0,False,"Отклонено: налоговая задолженность 4,641,148 KZT. Основание: Приказ МСХ РК №280."
164,Субсидирование в птицевод / Район-8,Субсидирование в птицеводстве,Птицеводство,Алматинская,FUNDED,30,36.23,28517.17876070667,28517.17876070667,87.0,3.0,0.0,0.0,False,Позиция в шорт-листе: 30/142. Score: 36.2/100 | Сектор: Птицеводство | Перцентиль в секторе: 0%. ROI (3.00x) ниже медианы сектора на 0%. Факторы роста: «сумма субсидии» (+2.31); «норматив на единицу» (+1.27). Сдерживающий фактор: «рабочих мест/млн KZT» (-1.40).
112,Субсидирование в птицевод / Район-12,Субсидирование в птицеводстве,Птицеводство,Алматинская,FUNDED,39,32.85,35041.54266189269,35041.54266189269,82.0,3.0,0.0,0.0,False,Позиция в шорт-листе: 39/142. Score: 32.9/100 | Сектор: Птицеводство | Перцентиль в секторе: 0%. ROI (3.00x) ниже медианы сектора на 0%. Факторы роста: «сумма субсидии» (+1.98); «норматив на единицу» (+1.35). Сдерживающий фактор: «рабочих мест/млн KZT» (-1.61).
179,Субсидирование в верблюдо / Район-23,Субсидирование в верблюдоводстве,Верблюдоводство,Актюбинская,FUNDED,54,28.38,9005374.98481945,9005374.98481945,25762.0,3.0,0.0,0.0,False,Позиция в шорт-листе: 54/142. Score: 28.4/100 | Сектор: Верблюдоводство | Перцентиль в секторе: 0%. ROI (3.00x) выше медианы сектора на 250%. Факторы роста: «эффективность vs сектор» (+0.96); «рабочих мест/млн KZT» (+0.08). Сдерживающий фактор: «норматив на единицу» (-0.63).
180,Субсидирование в пчеловод / Район-15,Субсидирование в пчеловодстве,Пчеловодство,Алматинская,FUNDED,13,41.16,127108.22732015784,127108.22732015784,271.0,3.0,0.0,0.0,False,Позиция в шорт-листе: 13/142. Score: 41.2/100 | Сектор: Пчеловодство | Перцентиль в секторе: 0%. ROI (3.00x) выше медианы сектора на 0%. Факторы роста: «норматив на единицу» (+3.21); «рабочих мест/млн KZT» (+2.48). Сдерживающий фактор: «коэффициент цикла» (-0.01).
120,Субсидирование в свиновод / Район-27,Субсидирование в свиноводстве,Свиноводство,Актюбинская,FUNDED,120,10.32,17529082.41313323,17529082.41313323,52357.0,3.0,0.0,0.0,False,Позиция в шорт-листе: 120/142. Score: 10.3/100 | Сектор: Свиноводство | Перцентиль в секторе: 0%. ROI (3.00x) выше медианы сектора на 50%. Факторы роста: «масштаб производства» (+0.64). Сдерживающий фактор: «эффективность vs сектор» (-1.74).
10,Субсидирование в птицевод / Район-11,Субсидирование в птицеводстве,Птицеводство,Костанайская,WAITLISTED,135,6.77,21261.576448140706,0.0,70.0,3.0,0.0,0.0,False,Позиция в шорт-листе: 135/142. Score: 6.8/100 | Сектор: Птицеводство | Перцентиль в секторе: 0%. ROI (3.00x) ниже медианы сектора на 0%. Факторы роста: . Сдерживающий фактор: «рабочих мест/млн KZT» (-1.99).
15,Субсидирование в пчеловод / Район-19,Субсидирование в пчеловодстве,Пчеловодство,Костанайская,FUNDED,125,9.09,10566.306203672275,10566.306203672275,487.0,3.0,0.0,0.0,False,Позиция в шорт-листе: 125/142. Score: 9.1/100 | Сектор: Пчеловодство | Перцентиль в секторе: 0%. ROI (3.00x) ниже медианы сектора на 0%. Факторы роста: «рабочих мест/млн KZT» (+1.18); «норматив на единицу» (+0.68). Сдерживающий фактор: «эффективность vs сектор» (-3.27).
163,Субсидирование в скотовод / Район-11,Субсидирование в скотоводстве,КРС,Костанайская,FUNDED,58,28.06,2310234.265722834,2310234.265722834,23865.0,3.0,0.0,0.0,False,Позиция в шорт-листе: 58/142. Score: 28.1/100 | Сектор: КРС | Перцентиль в секторе: 0%. ROI (3.00x) выше медианы сектора на 200%. Факторы роста: «эффективность vs сектор» (+3.94); «сумма субсидии» (+0.01). Сдерживающий фактор: «масштаб производства» (-0.63).
175,Субсидирование в коневодс / Район-19,Субсидирование в коневодстве,Коневодство,Алматинская,FUNDED,103,14.77,9202439.248207862,9202439.248207862,27448.0,3.0,0.0,0.0,False,Позиция в шорт-листе: 103/142. Score: 14.8/100 | Сектор: Коневодство | Перцентиль в секторе: 0%. ROI (3.00x) выше медианы сектора на 200%. Факторы роста: «масштаб производства» (+0.13). Сдерживающий фактор: «эффективность vs сектор» (-1.48).
4,Субсидирование в свиновод / Район-13,Субсидирование в свиноводстве,,ЗКО,REJECTED,0,0.0,7166750.908015626,0.0,30017.0,0.0,0.0,3929680.0,False,"Отклонено: налоговая задолженность 3,929,680 KZT. Основание: Приказ МСХ РК №280."
21,Субсидирование в птицевод / Район-29,Субсидирование в птицеводстве,Птицеводство,Актюбинская,FUNDED,17,40.46,27116.376188102713,27116.376188102713,72.0,3.0,0.0,0.0,False,Позиция в шорт-листе: 17/142. Score: 40.5/100 | Сектор: Птицеводство | Перцентиль в секторе: 0%. ROI (3.00x) ниже медианы сектора на 0%. Факторы роста: «масштаб производства» (+4.17); «сумма субсидии» (+1.12). Сдерживающий фактор: «рабочих мест/млн KZT» (-1.23).
48,Субсидирование в верблюдо / Район-4,Субсидирование в верблюдоводстве,Верблюдоводство,Костанайская,FUNDED,81,20.53,11359001.925711587,11359001.925711587,36648.0,3.0,0.0,0.0,False,Позиция в шорт-листе: 81/142. Score: 20.5/100 | Сектор: Верблюдоводство | Перцентиль в секторе: 0%. ROI (3.00x) выше медианы сектора на 250%. Факторы роста: «норматив на единицу» (+0.43); «масштаб производства» (+0.02). Сдерживающий фактор: «сумма субсидии» (-1.06).
99,Субсидирование в птицевод / Район-9,Субсидирование в птицеводстве,Птицеводство,Костанайская,FUNDED,57,28.13,6331.1061497129685,6331.1061497129685,93.0,3.0,0.0,0.0,False,Позиция в шорт-листе: 57/142. Score: 28.1/100 | Сектор: Птицеводство | Перцентиль в секторе: 0%. ROI (3.00x) ниже медианы сектора на 0%. Факторы роста: «сумма субсидии» (+1.02); «масштаб производства» (+0.37). Сдерживающий фактор: «рабочих мест/млн KZT» (-1.62).
174,Субсидирование в свиновод / Район-15,Субсидирование в свиноводстве,Свиноводство,ЗКО,FUNDED,107,13.45,13841828.214174492,13841828.214174492,47688.0,3.0,0.0,0.0,False,Позиция в шорт-листе: 107/142. Score: 13.4/100 | Сектор: Свиноводство | Перцентиль в секторе: 0%. ROI (3.00x) выше медианы сектора на 50%. Факторы роста: «масштаб производства» (+0.47). Сдерживающий фактор: «сумма субсидии» (-1.44).
7,Субсидирование в коневодс / Район-15,Субсидирование в коневодстве,Коневодство,Алматинская,FUNDED,55,28.35,1836463.1896189966,1836463.1896189966,13294.0,3.0,0.0,0.0,False,Позиция в шорт-листе: 55/142. Score: 28.4/100 | Сектор: Коневодство | Перцентиль в секторе: 0%. ROI (3.00x) выше медианы сектора на 200%. Факторы роста: «эффективность vs сектор» (+2.37); «сумма субсидии» (+0.01). Сдерживающий фактор: «рабочих мест/млн KZT» (-0.59).
187,Субсидирование в верблюдо / Район-7,Субсидирование в верблюдоводстве,Верблюдоводство,Костанайская,FUNDED,124,9.14,15167561.723603692,15167561.723603692,48860.0,3.0,0.0,0.0,False,Позиция в шорт-листе: 124/142. Score: 9.1/100 | Сектор: Верблюдоводство | Перцентиль в секторе: 0%. ROI (3.00x) выше медианы сектора на 250%. Факторы роста: «масштаб производства» (+0.38). Сдерживающий фактор: «сумма субсидии» (-1.51).
132,Субсидирование в пчеловод / Район-26,Субсидирование в пчеловодстве,,ЗКО,REJECTED,0,0.0,91032.50580149038,0.0,247.0,0.0,0.0,0.0,True,Отклонено: реестр недобросовестных поставщиков. Основание: Приказ МСХ РК №280.
3,Субсидирование в пчеловод / Район-7,Субсидирование в пчеловодстве,Пчеловодство,Алматинская,FUNDED,96,16.49,103294.72646021882,103294.72646021882,370.0,3.0,0.0,0.0,False,Позиция в шорт-листе: 96/142. Score: 16.5/100 | Сектор: Пчеловодство | Перцентиль в секторе: 0%. ROI (3.00x) ниже медианы сектора на 0%. Факторы роста: «рабочих мест/млн KZT» (+2.15); «норматив на единицу» (+1.32). Сдерживающий фактор: «эффективность vs сектор» (-3.05).
84,Субсидирование в коневодс / Район-6,Субсидирование в коневодстве,Коневодство,Костанайская,FUNDED,37,34.06,3374607.825088943,3374607.825088943,13218.0,3.0,0.0,0.0,False,Позиция в шорт-листе: 37/142. Score: 34.1/100 | Сектор: Коневодство | Перцентиль в секторе: 0%. ROI (3.00x) выше медианы сектора на 200%. Факторы роста: «эффективность vs сектор» (+2.47); «масштаб производства» (+1.96). Сдерживающий фактор: «рабочих мест/млн KZT» (-0.53).
74,Субсидирование в овцеводс / Район-8,Субсидирование в овцеводстве,МРС,Алматинская,FUNDED,121,10.0,6223758.916342564,6223758.916342564,21623.0,3.0,0.0,0.0,False,Позиция в шорт-листе: 121/142. Score: 10.0/100 | Сектор: МРС | Перцентиль в секторе: 0%. ROI (3.00x) выше медианы сектора на 100%. Факторы роста: «рабочих мест/млн KZT» (+1.25); «масштаб производства» (+0.26). Сдерживающий фактор: «эффективность vs сектор» (-2.98).
141,Субсидирование в скотовод / Район-29,Субсидирование в скотоводстве,КРС,Алматинская,FUNDED,21,38.45,1457485.590505591,1457485.590505591,111837.0,3.0,0.0,0.0,False,Позиция в шорт-листе: 21/142. Score: 38.5/100 | Сектор: КРС | Перцентиль в секторе: 0%. ROI (3.00x) выше медианы сектора на 200%. Факторы роста: «норматив на единицу» (+2.34); «эффективность vs сектор» (+1.37). Сдерживающий фактор: «перцентиль в секторе» (-0.04).
69,Субсидирование в скотовод / Район-9,Субсидирование в скотоводстве,КРС,Актюбинская,FUNDED,27,36.64,4393920.988474216,4393920.988474216,99044.0,3.0,0.0,0.0,False,Позиция в шорт-листе: 27/142. Score: 36.6/100 | Сектор: КРС | Перцентиль в секторе: 0%. ROI (3.00x) выше медианы сектора на 200%. Факторы роста: «норматив на единицу» (+2.14); «сумма субсидии» (+1.45). Сдерживающий фактор: «рабочих мест/млн KZT» (-0.05).
159,Субсидирование в овцеводс / Район-12,Субсидирование в овцеводстве,МРС,Алматинская,FUNDED,73,22.92,1333878.3973802247,1333878.3973802247,13832.0,3.0,0.0,0.0,False,Позиция в шорт-листе: 73/142. Score: 22.9/100 | Сектор: МРС | Перцентиль в секторе: 0%. ROI (3.00x) выше медианы сектора на 100%. Факторы роста: «рабочих мест/млн KZT» (+1.76); «сумма субсидии» (+0.48). Сдерживающий фактор: «масштаб производства» (-0.60).
63,Субсидирование в пчеловод / Район-28,Субсидирование в пчеловодстве,Пчеловодство,Костанайская,FUNDED,52,29.23,22741.098131439878,22741.098131439878,126.0,3.0,0.0,0.0,False,Позиция в шорт-листе: 52/142. Score: 29.2/100 | Сектор: Пчеловодство | Перцентиль в секторе: 0%. ROI (3.00x) ниже медианы сектора на 0%. Факторы роста: «эффективность vs сектор» (+2.71); «рабочих мест/млн KZT» (+2.38). Сдерживающий фактор: «сумма субсидии» (-0.16).
160,Субсидирование в птицевод / Район-7,Субсидирование в птицеводстве,Птицеводство,Алматинская,FUNDED,46,31.12,15296.01620214388,15296.01620214388,86.0,3.0,0.0,0.0,False,Позиция в шорт-листе: 46/142. Score: 31.1/100 | Сектор: Птицеводство | Перцентиль в секторе: 0%. ROI (3.00x) ниже медианы сектора на 0%. Факторы роста: «норматив на единицу» (+1.44); «сумма субсидии» (+1.13). Сдерживающий фактор: «рабочих мест/млн KZT» (-1.81).
82,Субсидирование в скотовод / Район-6,Субсидирование в скотоводстве,КРС,ЗКО,FUNDED,129,7.77,71665207.85883516,71665207.85883516,151672.0,3.0,0.0,0.0,False,Позиция в шорт-листе: 129/142. Score: 7.8/100 | Сектор: КРС | Перцентиль в секторе: 0%. ROI (3.00x) выше медианы сектора на 200%. Факторы роста: «сумма субсидии» (+0.35); «масштаб производства» (+0.14). Сдерживающий фактор: «эффективность vs сектор» (-2.94).
198,Субсидирование в овцеводс / Район-2,Субсидирование в овцеводстве,МРС,Алматинская,FUNDED,77,21.48,578094.9095198862,578094.9095198862,12956.0,3.0,0.0,0.0,False,Позиция в шорт-листе: 77/142. Score: 21.5/100 | Сектор: МРС | Перцентиль в секторе: 0%. ROI (3.00x) выше медианы сектора на 100%. Факторы роста: «рабочих мест/млн KZT» (+1.77); «сумма субсидии» (+0.54). Сдерживающий фактор: «эффективность vs сектор» (-1.08).
107,Субсидирование в верблюдо / Район-11,Субсидирование в верблюдоводстве,Верблюдоводство,Алматинская,FUNDED,24,38.0,6936568.599415006,6936568.599415006,45801.0,3.0,0.0,0.0,False,Позиция в шорт-листе: 24/142. Score: 38.0/100 | Сектор: Верблюдоводство | Перцентиль в секторе: 0%. ROI (3.00x) выше медианы сектора на 250%. Факторы роста: «сумма субсидии» (+2.04); «масштаб производства» (+1.77). Сдерживающий фактор: «норматив на единицу» (-0.69).
80,Субсидирование в пчеловод / Район-21,Субсидирование в пчеловодстве,Пчеловодство,ЗКО,FUNDED,64,25.73,2334.442251920556,2334.442251920556,161.0,3.0,0.0,0.0,False,Позиция в шорт-листе: 64/142. Score: 25.7/100 | Сектор: Пчеловодство | Перцентиль в секторе: 0%. ROI (3.00x) ниже медианы сектора на 0%. Факторы роста: «эффективность vs сектор» (+1.97); «рабочих мест/млн KZT» (+1.68). Сдерживающий фактор: «масштаб производства» (-1.30).
122,Субсидирование в коневодс / Район-14,Субсидирование в коневодстве,Коневодство,Актюбинская,FUNDED,131,7.3,2536181.1312311986,2536181.1312311986,32567.0,3.0,0.0,0.0,False,Позиция в шорт-листе: 131/142. Score: 7.3/100 | Сектор: Коневодство | Перцентиль в секторе: 0%. ROI (3.00x) выше медианы сектора на 200%. Факторы роста: «сумма субсидии» (+0.98); «коэффициент цикла» (+0.00). Сдерживающий фактор: «эффективность vs сектор» (-2.22).
55,Субсидирование в птицевод / Район-22,Субсидирование в птицеводстве,Птицеводство,Костанайская,FUNDED,61,26.62,13760.530578989305,13760.530578989305,34.0,3.0,0.0,0.0,False,Позиция в шорт-листе: 61/142. Score: 26.6/100 | Сектор: Птицеводство | Перцентиль в секторе: 0%. ROI (3.00x) выше медианы сектора на 0%. Факторы роста: «эффективность vs сектор» (+3.07); «перцентиль в секторе» (+0.08). Сдерживающий фактор: «масштаб производства» (-1.37).
79,Субсидирование в скотовод / Район-9,Субсидирование в скотоводстве,КРС,ЗКО,FUNDED,112,11.97,10804626.098282432,10804626.098282432,164008.0,3.0,0.0,0.0,False,Позиция в шорт-листе: 112/142. Score: 12.0/100 | Сектор: КРС | Перцентиль в секторе: 0%. ROI (3.00x) выше медианы сектора на 200%. Факторы роста: . Сдерживающий фактор: «норматив на единицу» (-2.48).
121,Субсидирование в свиновод / Район-29,Субсидирование в свиноводстве,,Костанайская,REJECTED,0,0.0,16785889.710937764,0.0,73618.0,0.0,0.0,0.0,True,Отклонено: реестр недобросовестных поставщиков. Основание: Приказ МСХ РК №280.
65,Субсидирование в овцеводс / Район-18,Субсидирование в овцеводстве,МРС,Алматинская,FUNDED,53,28.95,2368544.136685455,2368544.136685455,21766.0,3.0,0.0,0.0,False,Позиция в шорт-листе: 53/142. Score: 28.9/100 | Сектор: МРС | Перцентиль в секторе: 0%. ROI (3.00x) выше медианы сектора на 100%. Факторы роста: «сумма субсидии» (+1.89); «рабочих мест/млн KZT» (+1.63). Сдерживающий фактор: «эффективность vs сектор» (-0.66).
119,Субсидирование в верблюдо / Район-23,Субсидирование в верблюдоводстве,Верблюдоводство,Актюбинская,FUNDED,36,34.14,2638260.2937221583,2638260.2937221583,24252.0,3.0,0.0,0.0,False,Позиция в шорт-листе: 36/142. Score: 34.1/100 | Сектор: Верблюдоводство | Перцентиль в секторе: 0%. ROI (3.00x) выше медианы сектора на 250%. Факторы роста: «эффективность vs сектор» (+1.81); «сумма субсидии» (+1.07). Сдерживающий фактор: «Merit Score (ROI/Цикл)» (-0.55).
26,Субсидирование в скотовод / Район-24,Субсидирование в скотоводстве,КРС,ЗКО,FUNDED,51,29.38,1645873.0496301074,1645873.0496301074,25194.0,3.0,0.0,0.0,False,Позиция в шорт-листе: 51/142. Score: 29.4/100 | Сектор: КРС | Перцентиль в секторе: 0%. ROI (3.00x) выше медианы сектора на 200%. Факторы роста: «эффективность vs сектор» (+4.01); «перцентиль в секторе» (+0.00). Сдерживающий фактор: «масштаб производства» (-0.58).
78,Субсидирование в овцеводс / Район-25,Субсидирование в овцеводстве,МРС,Актюбинская,FUNDED,93,16.76,3043994.0545923426,3043994.0545923426,14576.0,3.0,0.0,0.0,False,Позиция в шорт-листе: 93/142. Score: 16.8/100 | Сектор: МРС | Перцентиль в секторе: 0%. ROI (3.00x) выше медианы сектора на 100%. Факторы роста: «рабочих мест/млн KZT» (+1.83); «сумма субсидии» (+0.14). Сдерживающий фактор: «эффективность vs сектор» (-1.03).
192,Субсидирование в пчеловод / Район-1,Субсидирование в пчеловодстве,Пчеловодство,Костанайская,WAITLISTED,134,6.87,161121.80168270285,0.0,479.0,3.0,0.0,0.0,False,Позиция в шорт-листе: 134/142. Score: 6.9/100 | Сектор: Пчеловодство | Перцентиль в секторе: 0%. ROI (3.00x) ниже медианы сектора на 0%. Факторы роста: «рабочих мест/млн KZT» (+1.00); «норматив на единицу» (+0.92). Сдерживающий фактор: «эффективность vs сектор» (-3.93).
170,Субсидирование в свиновод / Район-7,Субсидирование в свиноводстве,Свиноводство,Алматинская,FUNDED,97,16.33,1595266.8165935187,1595266.8165935187,64782.0,3.0,0.0,0.0,False,Позиция в шорт-листе: 97/142. Score: 16.3/100 | Сектор: Свиноводство | Перцентиль в секторе: 0%. ROI (3.00x) выше медианы сектора на 50%. Факторы роста: «масштаб производства» (+0.08). Сдерживающий фактор: «эффективность vs сектор» (-1.83).
47,Субсидирование в коневодс / Район-29,Субсидирование в коневодстве,Коневодство,ЗКО,FUNDED,126,8.96,9504833.031652177,9504833.031652177,32782.0,3.0,0.0,0.0,False,Позиция в шорт-листе: 126/142. Score: 9.0/100 | Сектор: Коневодство | Перцентиль в секторе: 0%. ROI (3.00x) выше медианы сектора на 200%. Факторы роста: «масштаб производства» (+0.58); «коэффициент цикла» (+0.00). Сдерживающий фактор: «эффективность vs сектор» (-2.29).
188,Субсидирование в верблюдо / Район-24,Субсидирование в верблюдоводстве,Верблюдоводство,ЗКО,FUNDED,117,10.97,11356722.698740778,11356722.698740778,44652.0,3.0,0.0,0.0,False,Позиция в шорт-листе: 117/142. Score: 11.0/100 | Сектор: Верблюдоводство | Перцентиль в секторе: 0%. ROI (3.00x) выше медианы сектора на 250%. Факторы роста: «масштаб производства» (+0.84). Сдерживающий фактор: «эффективность vs сектор» (-1.90).
2,Субсидирование в свиновод / Район-27,Субсидирование в свиноводстве,Свиноводство,ЗКО,PARTIAL,132,7.23,13090324.050188603,4751425.020315595,78548.0,3.0,0.0,0.0,False,"Позиция в шорт-листе: 132/142. Score: 7.2/100 | Сектор: Свиноводство | Перцентиль в секторе: 0%. ROI (3.00x) выше медианы сектора на 50%. Факторы роста: . Сдерживающий фактор: «сумма субсидии» (-1.83). [Частичное финансирование: 4,751,425 KZT из запрошенных 13,090,324 KZT — бюджет исчерпан.]"
71,Субсидирование в птицевод / Район-25,Субсидирование в птицеводстве,Птицеводство,ЗКО,FUNDED,67,24.72,3791.804172224827,3791.804172224827,38.0,3.0,0.0,0.0,False,Позиция в шорт-листе: 67/142. Score: 24.7/100 | Сектор: Птицеводство | Перцентиль в секторе: 0%. ROI (3.00x) ниже медианы сектора на 0%. Факторы роста: «эффективность vs сектор» (+2.35); «Merit Score (ROI/Цикл)» (+0.23). Сдерживающий фактор: «рабочих мест/млн KZT» (-1.36).
171,Субсидирование в скотовод / Район-19,Субсидирование в скотоводстве,КРС,Актюбинская,FUNDED,87,18.8,15155120.697975136,15155120.697975136,73875.0,3.0,0.0,0.0,False,Позиция в шорт-листе: 87/142. Score: 18.8/100 | Сектор: КРС | Перцентиль в секторе: 0%. ROI (3.00x) выше медианы сектора на 200%. Факторы роста: «эффективность vs сектор» (+1.48). Сдерживающий фактор: «сумма субсидии» (-1.45).
135,Субсидирование в коневодс / Район-7,Субсидирование в коневодстве,Коневодство,Актюбинская,FUNDED,28,36.39,9628495.733139616,9628495.733139616,37272.0,3.0,0.0,0.0,False,Позиция в шорт-листе: 28/142. Score: 36.4/100 | Сектор: Коневодство | Перцентиль в секторе: 0%. ROI (3.00x) выше медианы сектора на 200%. Факторы роста: «норматив на единицу» (+2.88); «масштаб производства» (+1.95). Сдерживающий фактор: «эффективность vs сектор» (-0.93).
131,Субсидирование в птицевод / Район-12,Субсидирование в птицеводстве,Птицеводство,Актюбинская,FUNDED,122,9.8,6335.5374567572335,6335.5374567572335,75.0,3.0,0.0,0.0,False,Позиция в шорт-листе: 122/142. Score: 9.8/100 | Сектор: Птицеводство | Перцентиль в секторе: 0%. ROI (3.00x) ниже медианы сектора на 0%. Факторы роста: . Сдерживающий фактор: «эффективность vs сектор» (-1.83).
155,Субсидирование в коневодс / Район-6,Субсидирование в коневодстве,Коневодство,Алматинская,FUNDED,49,30.13,3793699.5624085413,3793699.5624085413,16918.0,3.0,0.0,0.0,False,Позиция в шорт-листе: 49/142. Score: 30.1/100 | Сектор: Коневодство | Перцентиль в секторе: 0%. ROI (3.00x) выше медианы сектора на 200%. Факторы роста: «эффективность vs сектор» (+1.45); «норматив на единицу» (+0.49). Сдерживающий фактор: «рабочих мест/млн KZT» (-0.40).
118,Субсидирование в птицевод / Район-21,Субсидирование в птицеводстве,Птицеводство,Актюбинская,FUNDED,33,34.79,33810.588840691176,33810.588840691176,94.0,3.0,0.0,0.0,False,Позиция в шорт-листе: 33/142. Score: 34.8/100 | Сектор: Птицеводство | Перцентиль в секторе: 0%. ROI (3.00x) ниже медианы сектора на 0%. Факторы роста: «масштаб производства» (+2.35); «сумма субсидии» (+1.84). Сдерживающий фактор: «рабочих мест/млн KZT» (-1.48).
101,Субсидирование в коневодс / Район-27,Субсидирование в коневодстве,Коневодство,Костанайская,FUNDED,72,22.96,5454763.935544283,5454763.935544283,22177.0,3.0,0.0,0.0,False,Позиция в шорт-листе: 72/142. Score: 23.0/100 | Сектор: Коневодство | Перцентиль в секторе: 0%. ROI (3.00x) выше медианы сектора на 200%. Факторы роста: «сумма субсидии» (+0.61); «коэффициент цикла» (+0.04). Сдерживающий фактор: «эффективность vs сектор» (-0.85).
161,Субсидирование в свиновод / Район-17,Субсидирование в свиноводстве,Свиноводство,Алматинская,FUNDED,56,28.32,4307031.04955406,4307031.04955406,23206.0,3.0,0.0,0.0,False,Позиция в шорт-листе: 56/142. Score: 28.3/100 | Сектор: Свиноводство | Перцентиль в секторе: 0%. ROI (3.00x) выше медианы сектора на 50%. Факторы роста: «эффективность vs сектор» (+3.59); «Merit Score (ROI/Цикл)» (+0.25). Сдерживающий фактор: «масштаб производства» (-1.14).
200,Субсидирование в верблюдо / Район-27,Субсидирование в верблюдоводстве,Верблюдоводство,Актюбинская,FUNDED,110,12.79,15450970.123895895,15450970.123895895,43046.0,3.0,0.0,0.0,False,Позиция в шорт-листе: 110/142. Score: 12.8/100 | Сектор: Верблюдоводство | Перцентиль в секторе: 0%. ROI (3.00x) выше медианы сектора на 250%. Факторы роста: «масштаб производства» (+1.88). Сдерживающий фактор: «сумма субсидии» (-1.95).
25,Субсидирование в пчеловод / Район-8,Субсидирование в пчеловодстве,Пчеловодство,Актюбинская,FUNDED,115,11.79,99807.97901355528,99807.97901355528,429.0,3.0,0.0,0.0,False,Позиция в шорт-листе: 115/142. Score: 11.8/100 | Сектор: Пчеловодство | Перцентиль в секторе: 0%. ROI (3.00x) ниже медианы сектора на 0%. Факторы роста: «рабочих мест/млн KZT» (+1.68); «норматив на единицу» (+1.00). Сдерживающий фактор: «эффективность vs сектор» (-4.28).
98,Субсидирование в овцеводс / Район-11,Субсидирование в овцеводстве,МРС,Костанайская,FUNDED,3,46.38,347485.9866907613,347485.9866907613,3444.0,3.0,0.0,0.0,False,Позиция в шорт-листе: 3/142. Score: 46.4/100 | Сектор: МРС | Перцентиль в секторе: 0%. ROI (3.00x) выше медианы сектора на 100%. Факторы роста: «эффективность vs сектор» (+5.96); «норматив на единицу» (+2.37). Сдерживающий фактор: —.
139,Субсидирование в скотовод / Район-9,Субсидирование в скотоводстве,,Костанайская,REJECTED,0,0.0,51476859.01464204,0.0,143542.0,0.0,0.0,3254939.0,False,"Отклонено: налоговая задолженность 3,254,939 KZT. Основание: Приказ МСХ РК №280."
17,Субсидирование в верблюдо / Район-14,Субсидирование в верблюдоводстве,Верблюдоводство,Актюбинская,FUNDED,88,18.78,3080806.944241076,3080806.944241076,36390.0,3.0,0.0,0.0,False,Позиция в шорт-листе: 88/142. Score: 18.8/100 | Сектор: Верблюдоводство | Перцентиль в секторе: 0%. ROI (3.00x) выше медианы сектора на 250%. Факторы роста: «сумма субсидии» (+0.11). Сдерживающий фактор: «эффективность vs сектор» (-0.75).
123,Субсидирование в овцеводс / Район-7,Субсидирование в овцеводстве,МРС,Костанайская,FUNDED,127,8.57,7984206.03380291,7984206.03380291,23300.0,3.0,0.0,0.0,False,Позиция в шорт-листе: 127/142. Score: 8.6/100 | Сектор: МРС | Перцентиль в секторе: 0%. ROI (3.00x) выше медианы сектора на 100%. Факторы роста: «рабочих мест/млн KZT» (+0.82); «сумма субсидии» (+0.09). Сдерживающий фактор: «норматив на единицу» (-0.98).
134,Субсидирование в птицевод / Район-1,Субсидирование в птицеводстве,Птицеводство,ЗКО,FUNDED,111,12.65,23554.41503576406,23554.41503576406,59.0,3.0,0.0,0.0,False,Позиция в шорт-листе: 111/142. Score: 12.7/100 | Сектор: Птицеводство | Перцентиль в секторе: 0%. ROI (3.00x) ниже медианы сектора на 0%. Факторы роста: «сумма субсидии» (+0.17). Сдерживающий фактор: «масштаб производства» (-1.80).
